{
  "memgraph": {
    "single_create_ms": 0.25157928466796875,
    "single_lookup_ms": 0.28402090072631836,
    "batch_create_ms": 0.21161890029907227,
    "batch_lookup_ms": 0.31110095977783203,
    "single_create_rate": 3974.89006823351,
    "single_lookup_rate": 3520.8676454540114,
    "batch_create_rate": 4725.475836925441,
    "batch_lookup_rate": 3214.3905975543585,
    "memory_per_node": 200,
    "zero_fragmentation": false,
    "predictable_performance": false
  },
  "nendb": {
    "single_create_ms": 0.004547,
    "single_lookup_ms": 0.002881,
    "batch_create_ms": 0.004547,
    "batch_lookup_ms": 0.002881,
    "single_create_rate": 219925.22542335608,
    "single_lookup_rate": 347101.7007983339,
    "batch_create_rate": 219925.22542335608,
    "batch_lookup_rate": 347101.7007983339,
    "memory_per_node": 144,
    "zero_fragmentation": true,
    "predictable_performance": true
  },
  "timestamp": "2025-08-18 18:17:26",
  "test_environment": "macOS native, fair methodology",
  "methodology": "Single operations + batch operations, same test data"
}