{
  "memgraph": {
    "node_creation_ms": 0.22229719161987305,
    "node_lookup_ms": 0.306088924407959,
    "relationship_creation_ms": 0.3804969787597656,
    "node_creation_rate": 4498.48238168476,
    "node_lookup_rate": 3267.0244502776845,
    "relationship_creation_rate": 2628.141761491804,
    "memory_per_node": 200,
    "zero_fragmentation": false,
    "predictable_performance": false
  },
  "nendb": {
    "node_creation_ms": 0.004547,
    "node_lookup_ms": 0.002881,
    "relationship_creation_ms": 0.004547,
    "node_creation_rate": 219925225.42335606,
    "node_lookup_rate": 347101700.7983339,
    "relationship_creation_rate": 219925225.42335606,
    "memory_per_node": 144,
    "zero_fragmentation": true,
    "predictable_performance": true
  },
  "timestamp": "2025-08-18 18:11:11",
  "test_environment": "macOS with Docker containers"
}