{
  "memgraph": {
    "creation_rate": 4917.146690691803,
    "lookup_rate": 831.2849675764884,
    "creation_time": 2.0336997509002686,
    "lookup_time": 1.2029569149017334,
    "cpu_avg": 24.34,
    "cpu_max": 29.6,
    "memory_avg_gb": 5.3022918701171875,
    "memory_max_gb": 5.3391265869140625,
    "disk_read_mb": 40.49609375,
    "disk_write_mb": 220.56640625,
    "environment": "Docker Container"
  },
  "nendb": {
    "creation_rate": 300480.76923076925,
    "lookup_rate": 319488.8178913738,
    "insert_time_ms": 0.003328,
    "lookup_time_ms": 0.00313,
    "cpu_avg": 22.84,
    "cpu_max": 28.0,
    "memory_avg_gb": 5.222930908203125,
    "memory_max_gb": 5.2576141357421875,
    "disk_read_mb": 106.24609375,
    "disk_write_mb": 252.12109375,
    "environment": "Native macOS"
  },
  "timestamp": "2025-08-18 19:19:23",
  "benchmark_type": "Resource usage comparison",
  "test_environment": "Docker Memgraph vs Native NenDB"
}